{"cameraMode":{"drawMode":0,"name":"Shaded","section":"Shading Mode"},"sceneLighting":false,"audioPlay":false,"sceneViewState":{"m_AlwaysRefresh":false,"showFog":true,"showSkybox":true,"showFlares":true,"showImageEffects":true,"showParticleSystems":true,"showVisualEffectGraphs":true,"m_FxEnabled":true},"in2DMode":false,"pivot":{"x":-20.363506317138673,"y":5.509937286376953,"z":34.22559356689453},"rotation":{"x":-0.11548883467912674,"y":0.22356510162353517,"z":-0.026683947071433069,"w":-0.9674646854400635},"size":48.378787994384769,"orthographic":false}