{"cameraMode":{"drawMode":0,"name":"Shaded","section":"Shading Mode"},"sceneLighting":false,"audioPlay":false,"sceneViewState":{"m_AlwaysRefresh":false,"showFog":true,"showSkybox":true,"showFlares":true,"showImageEffects":true,"showParticleSystems":true,"showVisualEffectGraphs":true,"m_FxEnabled":true},"in2DMode":false,"pivot":{"x":1476.1097412109375,"y":219.84857177734376,"z":682.3468627929688},"rotation":{"x":0.1437283456325531,"y":-0.03382771462202072,"z":0.004918026737868786,"w":0.9890406727790833},"size":2157.234619140625,"orthographic":false}